{
  "model": "rf",
  "cv_r2": 0.25814476601095676,
  "cv_rmse": 1.2718867151524234,
  "test_r2": 0.27218682464576294,
  "test_rmse": 1.2124731137931448,
  "test_mae": 0.9096906994660501,
  "test_spearman": 0.5508724591131917,
  "n_train": 2116,
  "n_test": 529,
  "groupcv_mean_r2": 0.07706443812028126,
  "groupcv_std_r2": 0.04463797391254251,
  "groupcv_mean_rmse": 1.409337587840581,
  "groupcv_std_rmse": 0.0553161150626338,
  "groupcv_n_splits": 5,
  "groupcv_unique_clids": 111
}